province_name,province_lat,province_lon,English_name,AREA
กรุงเทพมหานคร,13.7278956,100.52412349999996,Bangkok Metropolis,1571.37133621335
กาญจนบุรี,14.0227797,99.53281149999998,Kanchanaburi,19450.9113879793
ขอนแก่น,16.4419355,102.8359921,Khon Kaen,10612.2024461531
ชลบุรี,13.3611431,100.98467170000004,Chon Buri,4504.76360510297
เชียงใหม่,18.7877477,98.99313110000004,Chiang Mai,22176.0371026146
ภูเก็ต,7.9810496,98.36388239999997,Phuket,548.0254561072641
