รหัสสถานี,ชื่อสถานี,รายละเอียดจุดติดตั้งสถานี,จังหวัด,english_name,adm1__id
54T,แขวงดินแดง เขตดินแดง กทม.,การเคหะชุมชนดินแดง,กทม.,Bangkok Metropolis,3
30T,ต.ท่าประดู่ อ.เมือง จ.ระยอง,สำนักงานเกษตรจังหวัดระยอง,ระยอง,Rayong,53
36T,ต.ศรีภูมิ อ.เมือง จ.เชียงใหม่,โรงเรียนยุพราชวิทยาลัย,เชียงใหม่,Chiang Mai,10
24T,ต.หน้าพระลาน อ.เฉลิมพระเกียรติ จ.สระบุรี,สถานีตำรวจภูธรตำบลหน้าพระลาน,สระบุรี,Saraburi,60
44T,ต.หาดใหญ่ อ.หาดใหญ่ จ.สงขลา, เทศบาลนครหาดใหญ่,สงขลา,Songkhla,64
27T,ต.มหาชัย อ.เมือง จ.สมุทรสาคร,โรงเรียนสมุทรสาครวิทยาลัย,สมุทรสาคร,Samut Sakhon,58
40T,ต.แม่เมาะ อ.แม่เมาะ จ.ลำปาง,การประปาส่วนภูมิภาคแม่เมาะ,ลำปาง,Lampang,19
61T,แขวงพลับพลา เขตวังทองหลาง กทม.,โรงเรียนบดินทรเดชา (สิงห์ สิงหเสนี),กทม.,Bangkok Metropolis,3
26T,ต.หน้าเมือง อ.เมือง จ.ราชบุรี,สำนักงานสิ่งแวดล้อมภาคที่ ๘,ราชบุรี,Ratchaburi,52
46T,ต.ในเมือง อ.เมือง จ.ขอนแก่น,ส่วนอุทกวิทยา สำนักงานทรัพยากรน้ำภาค ๔,ขอนแก่น,Khon Kaen,17
59T,แขวงพญาไท เขตพญาไท กทม.,กรมประชาสัมพันธ์,กทม.,Bangkok Metropolis,3
32T,ต.ทุ่งสุขลา อ.ศรีราชา จ.ชลบุรี,สนามกีฬาเทศบาลแหลมฉบัง,ชลบุรี,Chon Buri,12
05T,แขวงบางนา เขตบางนา กทม.,กรมอุตุนิยมวิทยาบางนา,กทม.,Bangkok Metropolis,3
52T,แขวงบางยี่เรือ เขตธนบุรี กทม.,การไฟฟ้าย่อยธนบุรี,กทม.,Bangkok Metropolis,3
08T,ต.ทรงคนอง  อ.พระประแดง  จ.สมุทรปราการ,ศูนย์ฟื้นฟูอาชีพคนพิการและทุพพลภาพพระประแดง,สมุทรปราการ,Samut Prakan,57
35T,ต.ช้างเผือก อ.เมือง จ.เชียงใหม่,ศูนย์ราชการจังหวัดเชียงใหม่,เชียงใหม่,Chiang Mai,10
75T,ต.ห้วยโก๋น อ.เฉลิมพระเกียรติ จ.น่าน,โรงพยาบาลเฉลิมพระเกียรติ,น่าน,Nan,32
76T,ต.แม่ปะ อ.แม่สอด จ.ตาก,ศูนย์การศึกษานอกโรงเรียน,ตาก,Tak,69
77T,ต.ท่าตูม อ.ศรีมหาโพธิ จ.ปราจีนบุรี,ศาลาประชาคมบ้านบุยายใบ,ปราจีนบุรี,Prachin Buri,49
50T,แขวงปทุมวัน เขตปทุมวัน กทม.,โรงพยาบาลจุฬาลงกรณ์,กทม.,Bangkok Metropolis,3
53T,แขวงวังทองหลาง เขตวังทองหลาง กทม.,สถานีตำรวจนครบาลโชคชัย,กทม.,Bangkok Metropolis,3
19T,ต.บางเสาธง อ.บางเสาธง จ.สมุทรปราการ,การเคหะชุมชนเมืองใหม่บางพลี,สมุทรปราการ,Samut Prakan,57
62T,ต.บางนาค อ.เมือง จ.นราธิวาส,ศาลากลางจังหวัดนราธิวาส,นราธิวาส,Narathiwat,33
63T,ต.สะเตง อ.เมือง จ.ยะลา,สนามโรงพิธีช้างเผือก,ยะลา,Yala,76
79T,ต.ปากแพรก อ.เมือง จ.กาญจนบุรี,สถานีอุตุนิยมวิทยากาญจนบุรี,กาญจนบุรี,Kanchanaburi,16
80T,ต.พิมาน อ.เมือง. จ.สตูล,ศาลากลางจังหวัดสตูล,สตูล,Satun,61
10T,แขวงคลองจั่น เขตบางกะปิ กทม.,เคหะชุมชนคลองจั่น,กทม.,Bangkok Metropolis,3
11T,แขวงดินแดง เขตดินแดง กทม.,สนามกีฬาการเคหะชุมชนห้วยขวาง,กทม.,Bangkok Metropolis,3
03T,แขวงแสมดำ เขตบางขุนเทียน กทม.,ริมถนนกาญจนาภิเษก,กทม.,Bangkok Metropolis,3
14T,ต.อ้อมน้อย อ.กระทุ่มแบน จ.สมุทรสาคร,แขวงการทางสมุทรสาคร,สมุทรสาคร,Samut Sakhon,58
17T,ต.ตลาด อ.พระประแดง  จ.สมุทรปราการ,บ้านพักกรมอุตสาหกรรมพื้นฐานและการเหมืองแร่,สมุทรปราการ,Samut Prakan,57
18T,ต.ปากน้ำ อ.เมือง จ.สมุทรปราการ,ศาลากลางจังหวัดสมุทรปราการ,สมุทรปราการ,Samut Prakan,57
20T,ต.คลองหนึ่ง อ.คลองหลวง จ.ปทุมธานี,มหาวิทยาลัยกรุงเทพ (วิทยาเขตรังสิต),ปทุมธานี,Pathum Thani,37
21T,ต.ประตูชัย อ.พระนครศรีอยุธยา จ.พระนครศรีอยุธยา,โรงเรียนอยุธยาวิทยาลัย,พระนครศรีอยุธยา,Phra Nakhon Si Ayutthaya,46
25T,ต.ปากเพรียว อ.เมือง จ.สระบุรี,สถานีดับเพลิงพระลักษณ์,สระบุรี,Saraburi,60
29T,ต.มาบตาพุด อ.เมือง จ.ระยอง,โรงพยาบาลส่งเสริมสุขภาพตำบลมาบตาพุด,ระยอง,Rayong,53
31T,ต.ห้วยโป่ง อ.เมือง จ.ระยอง,ศูนย์วิจัยพืชไร่ระยอง,ระยอง,Rayong,53
33T,ต.บ่อวิน อ.ศรีราชา จ.ชลบุรี,โรงพยาบาลส่งเสริมสุขภาพตำบลบ้านเขาหิน,ชลบุรี,Chon Buri,12
34T,ต.บ้านสวน อ.เมือง จ.ชลบุรี,สำนักงานสิ่งแวดล้อมภาคที่ ๑๓ ,ชลบุรี,Chon Buri,12
37T,ต.พระบาท อ.เมือง จ.ลำปาง,สถานีอุตุนิยมวิทยาลำปาง,ลำปาง,Lampang,19
38T,ต.สบป้าด อ.แม่เมาะ จ.ลำปาง,โรงพยาบาลส่งเสริมสุขภาพตำบลบ้านสบป้าด,ลำปาง,Lampang,19
39T,ต.บ้านดง อ.แม่เมาะ จ.ลำปาง,โรงพยาบาลส่งเสริมสุขภาพตำบลท่าสี,ลำปาง,Lampang,19
41T,ต.ปากน้ำโพ อ.เมือง จ.นครสวรรค์,โครงการชลประทานนครสวรรค์,นครสวรรค์,Nakhon Sawan,30
42T,ต.มะขามเตี้ย อ.เมือง จ.สุราษฏร์ธานี,สำนักงานสิ่งแวดล้อมภาคที่ ๑๔,สุราษฏร์ธานี,Surat Thani,67
57T,ต.เวียง อ.เมือง    จ.เชียงราย,สำนักงานทรัพยากรธรรมชาติและสิ่งแวดล้อมจังหวัดเชียงราย,เชียงราย,Chiang Rai,11
58T,ต.จองคำ อ.เมือง จ.แม่ฮ่องสอน,สำนักงานทรัพยากรธรรมชาติและสิ่งแวดล้อมจังหวัดแม่ฮ่องสอน,แม่ฮ่องสอน,Mae Hong Son,23
67T,ต.ในเวียง อ.เมือง จ.น่าน,สำนักงานเทศบาลเมืองน่าน,น่าน,Nan,32
68T,ต.บ้านกลาง อ.เมือง จ.ลำพูน,สถานีอุตุนิยมวิทยาลำพูน,ลำพูน,Lamphun,20
69T,ต.นาจักร อ.เมือง จ. แพร่,อุตุนิยมวิทยาจังหวัดแพร่ ,แพร่,Phrae,47
70T,ต.เวียง อ.เมือง จ. พะเยา,อุทยานการเรียนรู้ องค์การบริหารส่วนจังหวัดพะเยา ,พะเยา,Phayao,41
71T,ต.อรัญประเทศ อ.อรัญประเทศ จ.สระแก้ว,โรงเรียนอนุบาลศรีอรัญโญทัย,สระแก้ว,Sa Kaeo,55
72T,ต.นาอาน อ.เมือง จ.เลย,สำนักงานสาธารณสุขจังหวัดเลย,เลย,Loei,21
73T,ต.เวียงพางคำ อ.แม่สาย จ.เชียงราย,สำนักงานสาธารณสุขแม่สาย,เชียงราย,Chiang Rai,11
02T,แขวงหิรัญรูจี เขตธนบุรี กทม.,มหาวิทยาลัยราชภัฏบ้านสมเด็จเจ้าพระยา,กทม.,Bangkok Metropolis,3
12T,แขวงช่องนนทรี เขตยานนาวา กทม.,โรงเรียนนนทรีวิทยา,กทม.,Bangkok Metropolis,3
13T,ต.บางกรวย อ.บางกรวย จ.นนทบุรี,การไฟฟ้าฝ่ายผลิตแห่งประเทศไทย ,นนทบุรี,Nonthaburi,36
16T,ต.บางโปรง อ.เมือง จ.สมุทรปราการ,โรงไฟฟ้าพระนครใต้,สมุทรปราการ,Samut Prakan,57
22T,ต.บางพูด อ.ปากเกร็ด จ.นนทบุรี,มหาวิทยาลัยสุโขทัยธรรมาธิราช,นนทบุรี,Nonthaburi,36
28T,ต.ปลวกแดง อ.ปลวกแดง จ.ระยอง,สำนักงานสาธารณสุขอำเภอปลวกแดง,ระยอง,Rayong,53
43T,ต.ตลาดใหญ่ อ.เมือง จ.ภูเก็ต,ศูนย์บริการสาธารณสุขเทศบาลนครภูเก็ต,ภูเก็ต,Phuket,48
47T,ต.ในเมือง อ.เมือง จ.นครราชสีมา,สถานีสูบน้ำเสียที่ ๑ ห้าแยกไอที นครราชสีมา,นครราชสีมา,Nakhon Ratchasima,29
60T,ต.วังเย็น อ.แปลงยาว จ.ฉะเชิงเทรา,สำนักงานเทศบาลตำบลทุ่งสะเดา,ฉะเชิงเทรา,Chachoengsao,6
70T*,พะเยา ต.เวียง อ.เมือง จ. พะเยา,อุทยานการเรียนรู้ อบจ.,พะเยา,Phayao,41
70T**,ต.บ้านต๋อม อ.เมืองพะเยา จ.พะเยา,สนามกีฬาจังหวัดพะเยา,พะเยา,Phayao,41
74T,ต.เนินพระ อ.เมือง จ.ระยอง,ศูนย์ราชการจังหวัดระยอง,ระยอง,Rayong,53
78T,ต.เบตง อ.เบตง จ.ยะลา,ศูนย์พัฒนาเด็กเล็กเทศบาลเมืองเบตง,ยะลา,Yala,76
81T,ต.นครปฐม อ.เมือง จ.นครปฐม,อ่างเก็บน้ำประปา นครปฐม,นครปฐม,Nakhon Pathom,27
82T,ต.มีชัย อ.เมือง จ.หนองคาย,สวนสาธารณะหนองถิ่น,หนองคาย,Nong Khai,35
83T,ต.ในเมือง อ.เมือง จ.อุบลราชธานี,ศูนย์แสดงและจำหน่ายสินค้า OTOP จังหวัดอุบลราชธานี,อุบลราชธานี,Ubon Ratchathani,72
84T,ต.ลาดใหญ่ อ.เมือง จ.สมุทรสงคราม,สำนักงานสาธารณสุขจังหวัดสมุทรสงคราม,สมุทรสงคราม,Samut Songkhram,59
70T,ต.บ้านต๋อม อ.เมืองพะเยา จ.พะเยา,สนามกีฬาจังหวัดพะเยา,พะเยา,Phayao,41
72T(เก่า),ต.นาอาน อ.เมือง จ.เลย,สำนักงานสาธารณสุขจังหวัดเลย,เลย,Loei,21
72T(ใหม่),ต.กุดป่อง อ.เมือง จ.เลย,สวนสาธารณะเฉลิมพระเกียรติ 60 พรรษา มหาราชินี,เลย,Loei,21
85T,ต.ดอนกำยาน อ.เมือง จ.สุพรรณบุรี,สนามกีฬากลางจังหวัดสุพรรณบุรี,สุพรรณบุรี,Suphan Buri,66
86T,ต.ในเมือง อ.เมือง จ.พิษณุโลก,สวนชมน่าน บริเวณหน้าวิทยาลัยอาชีวศึกษาพิษณุโลก,พิษณุโลก,Phitsanulok,45
87T,ต.บางพระ อ.เมือง จ.ตราด,สนามกีฬากลาง จังหวัดตราด,ตราด,Trat,71
88T,ต.ในเมือง อ.เมือง จ.นครพนม,สถานีอุตุนิยมวิทยานครพนม,นครพนม,Nakhon Phanom,28
89T,ต.คลัง อ.เมือง จ.นครศรีธรรมราช,ศูนย์ฟื้นฟูสุขภาพผู้สูงอายุ,นครศรีธรรมราช,Nakhon Si Thammarat,31
90T,ต.ธาตุนาเวง อ.เมือง จ.สกลนคร,สถานีอุตุนิยมวิทยาสกลนคร,สกลนคร,Sakon Nakhon,56
91T,ต.หมากแข้ง อ.เมือง จ.อุดรธานี,บริเวณสวนสาธารณะหนองประจักษ์,อุดรธานี,Udon Thani,73
92T,ต.ท่าอิฐ อ.เมือง จ.อุตรดิตถ์,บริเวณภายในพื้นที่สวนมหามงคลเฉลิมพระเกียรติพระชนมพรรษา 6 รอบ 5 ธันวาคม 2552,อุตรดิตถ์,Uttaradit,75
93T,ต.นาตาล่วง อ.เมืองตรัง จ.ตรัง,วิทยาลัยสารพัดช่างตรัง,ตรัง,Trang,70
99T,ต.ทะเลชุบศร อ.เมืองลพบุรี จ.ลพบุรี,สถานีอุตุนิยมวิทยาลพบุรี,ลพบุรี,Lop Buri,22
100T,ต.หัวหิน อ.หัวหิน จ.ประจวบคีรีขันธ์,สถานีตรวจอากาศหัวหิน สถานีอุตุนิยมวิทยาประจวบคีรีขันธ์,ประจวบคีรีขันธ์,Prachuap Khiri Khan,50
101T,ต.เสม็ด อ.เมือง  จ.บุรีรัมย์,ศาลากลางจังหวัดบุรีรัมย์,บุรีรัมย์,Buri Ram,5
102T,ต.มุกดาหาร อ.เมืองมุกดาหาร จ.มุกดาหาร,สนามกีฬากลางจังหวัดมุกดาหาร,มุกดาหาร,Mukdahan,25
94T,ต.ในเมือง อ.เมืองกำแพงเพชร จ.กำแพงเพชร,ลานอนุรักษ์วัฒนธรรมไทยสิริจิตอุทยาน,กำแพงเพชร,Kamphaeng Phet,15
95T,ต.ในเมือง อ.เมืองพิจิตร จ.พิจิตร,สนามกีฬาจังหวัดพิจิตร,พิจิตร,Phichit,44
96T,ต.ธานี อ.เมือง จ.สุโขทัย,สวนสาธารณะ ชุมชนเลอไทย,สุโขทัย,Sukhothai,65
97T,ต.ในเมือง อ.เมืองเพชรบูรณ์ จ.เพชรบูรณ์,สวนสาธารณะเพชบุระ,เพชรบูรณ์,Phetchabun,42
98T,ต.อุทัยใหม่ อ.เมืองอุทัยธานี จ.อุทัยธานี,สวนเฉลิมพระเกียรติพระบาทสมเด็จพระเจ้าอยู่หัว เฉลิมพระชนมพรรษา 80 พรรษา,อุทัยธานี,Uthai Thani,74
103T,ต.หัวหิน อ.หัวหิน จ.ประจวบคีรีขันธ์,สถานีตรวจอากาศหัวหิน สถานีอุตุนิยมวิทยาประจวบคีรีขันธ์,ประจวบคีรีขันธ์,Prachuap Khiri Khan,50
104T,ต.บางมัญ อ.เมือง จ.สิงห์บุรี,โรงเรียนสิงห์บุรี,สิงห์บุรี,Sing Buri,63
106T,ต.บึงกาฬ อ.เมือง จ.บึงกาฬ,สวนสาธารณะหนองบึงกาฬ,บึงกาฬ,Bueng Kan,4
107T,ต.กาฬสินธุ์ อ.เมือง จ.กาฬสินธุ์,สวนสาธารณะดอนกลาง,กาฬสินธุ์,Kalasin,14
108T,ต.ในเมือง อ.เมือง จ.ชัยภูมิ,สนามกีฬาเทศบาลเมืองชัยภูมิ,ชัยภูมิ,Chaiyaphum,8
109T,ต.ในเมือง อ.เมือง จ.ยโสธร,สวนสาธารณะพญาแถน,ยโสธร,Yasothon,77
110T,ต.บุ่ง อ.เมือง จ.อำนาจเจริญ,สำนักงานเทศบาลเมืองอำนาจเจริญ,อำนาจเจริญ,Amnat Charoen,1
111T,ต.นอกเมือง อ.เมือง จ.สุรินทร์,สถานีอุตุนิยมวิทยาสุรินทร์,สุรินทร์,Surin,68
112T,ต.หนองครก อ.เมือง จ.ศรีสะเกษ,สถานีอุตุนิยมวิทยาศรีสะเกษ,ศรีสะเกษ,Si Sa Ket,62
105T,ต.บ้านใหญ่ อ.เมือง จ.นครนายก,สถานีอนามัยเทศบาลเมืองนครนายก,นครนายก,Nakhon Nayok,26
